,Name,Address
0,INVESTMENT REALTY CO INC,**** CONDO MAIN ********* ATTLEBORO MA
1,DIAZ EDINSON N,****** CONDO MAIN ********* WALTHAM MA
2,MAYNARD JESSE R & SHANNON M,*******  CONDON MANI ********* ATTLEBORO MA
3,WOODLARK DEVELOPMENT CORP,******* CONDO MAIN ********* ATTLEBORO FALLS MA
4,MCGOVERN CONSTRUCTION CO INC,**********CONDO MAIN********** ATTLEBORO MA
5,UNITED PENTECOSTAL CHURCH,0175 SO MAIN ST ATTLEBORO MA
6,UNITED CHURCH OF CHRIST,10 BEDFORD ST ABINGTON MA
7,COMMUNITY HEALTH SYSTEMS INC,10 EMORY ST ATTLEBORO MA
8,COMMONWEALTH OF MASS,10 PARK PLAZA - ROOM 6160 BOSTON MA
9,COMMONWEALTH OF MASS,10 PARK PLAZA - ROOM 6160 BOSTON MA
10,M B T A,10 PARK PLAZA BOSTON MA
11,COMM OF MASS,100 CAMBRIDGE STREET BOSTON MA
12,NEW HEART & NEW SPIRIT EVANGELICAL CHURC,1056 OAK HILL AVE ATTLEBORO MA
13,PRINCE HALL,1095 TREMONT ST BOSTON MA
14,LONGYEAR FOUNDATION,1125 BOYLSTON ST CHESTNUT HILL MA
15,TRINITY BAPTIST CHURCH,115 MASS AVE ARLINGTON MA
16,ROMAN CATHOLIC ARCH OF BOS,1175 CONCORD TURNPIKE ARLINGTON MA
17,ROMAN CATHOLIC ARCH OF BOS,1175-A CONCORD TPKE ARLINGTON MA
18,1188 SOUTH MAIN STREET LLC,1188 SOUTH MAIN ST ATTLEBORO MA
19,FIRST UNITED METHODIST CHURCH,12 BELMONT ST AMESBURY MA
20,AMESBURY MONTHLY MEETING,120 FRIEND ST AMESBURY MA
21,ST JAMES CHURCH,120 MAIN ST AMESBURY MA
22,ST JAMES EPISCOP CHURCH SOC,120 MAIN ST AMESBURY MA
23,THE CHILDRENS CENTER,1210 MASS AVE ARLINGTON MA
24,CENTER FOR JEWISH LIFE OF,129 LAKE ST ARLINGTON MA
25,PROTESTANT EPISCOPAL CHURCH,138 TREMONT ST BOSTON MA
26,CONVENT OF SAINT ANNE,14 CLAREMONT AVENUE ARLINGTON MA
27,FIRST METHODIST CHURCH SOC,140 MAIN STREET AMESBURY MA
28,METHODIST CHURCH SOCIETY,142 MAIN ST AMESBURY MA
29,MAIN ST CONGREG CH OF AMES,145 MAIN ST AMESBURY MA
30,MAIN ST CONGREG CH OF AMES,145 MAIN ST AMESBURY MA
31,SAINT MARK COPTIC ORTHODOX,145 OAK ST NATICK MA
32,THE GREEK ORTHODOX CHURCH,15 APPLETON PL ARLINGTON MA
33,THE GREEK ORTHODOX CHURCH,15 APPLETON PL ARLINGTON MA
34,COLUMBUS CLUB INC,15 WINSLOW ST ARLINGTON MA
35,COLUMBUS CLUB INC,15 WINSLOW ST ARLINGTON MA
36,CARITAS COMMUNITIES  INC,150 WOOD ROAD SUITE 300 BRAINTREE MA
37,SCHWAMB MILL PRESERVATION,17 MILL LANE ARLINGTON MA
38,CO-OP FOR HUMAN SERVICES,17 NEW ENGLAND EXECUTIVE BURLINGTON MA
39,BEREAN BAPTIST CHURCH,171 UNION ST ATTLEBORO MA
40,S N E CONF ASC OF7TH DAY ADVE,173 MAIN ST AMESBURY MA
41,CATHOLIC CEMETARY ASSOC,175 BROADWAY MALDEN MA
42,GERMAINE LAWRENCE SCHOOL,18 CLAREMONT AVE ARLINGTON MA
43,GERMAINE LAWRENCE SCHOOL,18 CLAREMONT AVE ARLINGTON MA
44,GERMAINE LAWRENCE SCHOOL,18 CLAREMONT AVE ARLINGTON MA
45,GERMAINE LAWRENCE SCHOOL,18 CLAREMONT AVE ARLINGTON MA
46,GERMAINE LAWRENCE INC,18 CLAREMONT AVENUE ARLINGTON MA
47,ORDER OF SAINT ANNE,18 CLAREMONT AVENUE ARLINGTON MA
48,PARK AVE CONG CHURCH,18 HILLSIDE AVE ARLINGTON MA
49,BARTLETT CEMETERY ASSOC,18 KENDRICKS CT AMESBURY MA
50,BARTLETT CEMETERY ASSOC,18 KENDRICKS CT AMESBURY MA
51,AMESBURY HOUSING AUTHORITY,180 MAIN ST AMESBURY MA
52,AMESBURY HOUSING AUTHORITY,180 MAIN ST AMESBURY MA
53,AMESBURY HOUSING AUTHORITY,180 MAIN ST AMESBURY MA
54,AMESBURY HOUSING AUTHORITY,180 MAIN STREET AMESBURY MA
55,AMESBURY HOUSING AUTHORITY,180 MAIN STREET AMESBURY MA
56,AMESBURY HOUSING AUTHORITY,180 MAIN STREET AMESBURY MA
57,AMESBURY HOUSING AUTHORITY,180 MAIN STREET AMESBURY MA
58,AMESBURY HOUSING AUTHORITY,182 MAIN ST AMESBURY MA
59,LALLY MARC F--ETAL TRS,186 BEDFORD STREET LEXINGTON MA
60,JOHNSON HARRY TRS/ELIOT,186 BEDFORD STREET LEXINGTON MA
61,ARLINGTON MASONIC TEMPLE,19 ACADEMY ST ARLINGTON MA
62,SUNSHINE NURSERY SCHOOL INC.,19 PRENTISS RD UNIT 2 ARLINGTON MA
63,PINEWOOD ROAD HOMEOWNERS TRUST,2 PINEWOOD RD AMESBURY MA
64,NOON STEPHEN P,2 SWETTS HILL AMESBURY MA
65,TOWARD INDEPENDENT,20 EASTBROOK ROAD DEDHAM MA
66,WEST ABINGTON CEMETERY ASSOC,20 OLD MILL LANE DUXBURY MA
67,DEPT/CONSERVATION & RECREATION,20 SOMERSET ST BOSTON MA
68,DEPT/CONSERVATION & RECREATION,20 SOMERSET ST BOSTON MA
69,DEPT/CONSERVATION & RECREATION,20 SOMERSET ST BOSTON MA
70,DEPT/CONSERVATION & RECREATION,20 SOMERSET ST BOSTON MA
71,DEPT/CONSERVATION & RECREATION,20 SOMERSET ST BOSTON MA
72,DEPT/CONSERVATION & RECREATION,20 SOMERSET ST BOSTON MA
73,DEPT/CONSERVATION & RECREATION,20 SOMERSET ST BOSTON MA
74,DEPT/CONSERVATION & RECREATION,20 SOMERSET ST BOSTON MA
75,DEPT/CONSERVATION & RECREATION,20 SOMERSET ST BOSTON MA
76,DEPT/CONSERVATION & RECREATION,20 SOMERSET ST BOSTON MA
77,DEPT/CONSERVATION & RECREATION,20 SOMERSET ST BOSTON MA
78,DEPT/CONSERVATION & RECREATION,20 SOMERSET ST BOSTON MA
79,DEPT/CONSERVATION & RECREATION,20 SOMERSET ST BOSTON MA
80,DEPT/CONSERVATION & RECREATION,20 SOMERSET ST BOSTON MA
81,DEPT/CONSERVATION & RECREATION,20 SOMERSET ST BOSTON MA
82,DEPT/CONSERVATION & RECREATION,20 SOMERSET ST BOSTON MA
83,DEPT/CONSERVATION & RECREATION,20 SOMERSET ST BOSTON MA
84,DEPT/CONSERVATION & RECREATION,20 SOMERSET ST BOSTON MA
85,DEPT/CONSERVATION & RECREATION,20 SOMERSET ST BOSTON MA
86,DEPT/CONSERVATION & RECREATION,20 SOMERSET ST BOSTON MA
87,DEPT/CONSERVATION & RECREATION,20 SOMERSET ST BOSTON MA
88,DEPT/CONSERVATION & RECREATION,20 SOMERSET ST BOSTON MA
89,DEPT/CONSERVATION & RECREATION,20 SOMERSET ST BOSTON MA
90,DEPT/CONSERVATION & RECREATION,20 SOMERSET ST BOSTON MA
91,DEPT/CONSERVATION & RECREATION,20 SOMERSET ST BOSTON MA
92,METROPOLITIAN DIST COMM,20 SOMERSET STREET BOSTON MA
93,DEPT/CONSERVATION & RECREATION,20 SOMMERSET BOSTON MA
94,DEPT/CONSERVATION & RECREATION,20 SOMMERSET BOSTON MA
95,DEPT/CONSERVATION & RECREATION,20 SOMMERSET BOSTON MA
96,DEPT/CONSERVATION & RECREATION,20 SOMMERSET BOSTON MA
97,DEPT/CONSERVATION & RECREATION,20 SOMMERSET BOSTON MA
98,DEPT/CONSERVATION & RECREATION,20 SOMMERSET BOSTON MA
99,DEPT/CONSERVATION & RECREATION,20 SOMMERSET BOSTON MA
100,ABINGTON TOWN OF,200 PARK AV ABINGTON MA
101,THEOSOPHICAL SOCIETY,21 MAPLE STREET ARLINGTON MA
102,CHURCH OF OUR SAVIOR CHURCH,21 MARATHON STREET ARLINGTON MA
103,CORNERSTONE BAPTIST CHURCH,2114 MASS AVE CAMBRIDGE MA
104,THE BOSTON CHURCH OF CHRIST,214 CONCORD AVE FRAMINGHAM MA
105,NORTH ABINGTON BAPTIST CORP,219 ADAMS ST ABINGTON MA
106,NORTH ABINGTON BAPTIST CORP,219 ADAMS ST ABINGTON MA
107,ARLINGTON FRIENDS OF THE,22 ACADEMY STREET ARLINGTON MA
108,SOUTH SHORE REDEVELOPMENT AUTHORITY,223 SHEA MEMORIAL DR S. WEYMOUTH MA
109,SOUTH SHORE REDEVELOPMENT CORPORATION,223 SHEA MEMORIAL DR WEYMOUTH MA
110,KELWYN MANOR ASSOCIATION IN,23 SHERATON PK ARLINGTON MA
111,GOOD NEWS CHAPEL,235 WEST ST ATTLEBORO MA
112,ROMAN CATHOLIC ARCH OF BOS,24 MEDFORD ST ARLINGTON MA
113,ROMAN CATHOLIC ARCH OF BOS,24 MEDFORD ST ARLINGTON MA
114,ROMAN CATHOLIC ARCH OF BOS,24 MEDFORD ST ARLINGTON MA
115,ROMAN CATHOLIC ARCH OF BOS,24 MEDFORD ST ARLINGTON MA
116,ROMAN CATHOLIC ARCH OF BOS,24 MEDFORD ST ARLINGTON MA
117,ROMAN CATHOLIC ARCH OF BOS,24 MEDFORD STREET ARLINGTON MA
118,AMESBURY IMPROVE ASSOC,24 OAK ST. APT#8 AMESBURY MA
119,AMESBURY IMPROVE ASSOC,24 OAK ST. APT#8 AMESBURY MA
120,AMESBURY IMPROVE ASSOC,24 OAK ST. APT#8 AMESBURY MA
121,AMESBURY IMPROVE ASSOC,24 OAK ST. APT#8 AMESBURY MA
122,AMESBURY IMPROVE ASSOC,24 OAK ST. APT#8 AMESBURY MA
123,AMESBURY IMPROVE ASSOC,24 OAK ST. APT#8 AMESBURY MA
124,AMESBURY IMPROVE ASSOC,24 OAK ST. APT#8 AMESBURY MA
125,CARITAS COMMUNITIES  INC.,25 BRAINTREE HILL OFFICE PK STE 206 BRAINTREE MA
126,ORDER OF SAINT ANNE,25 HILLSIDE AVE ARLINGTON MA
127,ORDER OF SAINT ANNE,25 HILLSIDE AVE ARLINGTON MA
128,ORDER OF SAINT ANNE,25 HILLSIDE AVE ARLINGTON MA
129,COMMONWEALTH OF MASSACHUSETTS,251 CAUSEWAY ST BOSTON MA
130,COMMONWEALTH OF MASSACHUSETTS,251 CAUSEWAY ST SUITE 600 BOSTON MA
131,"NFI MASSACHUSETTS, INC",26 HOWLEY ST. 2ND FLOOR PEABODY MA
132,"NFI MASSACHUSETTS, INC",26 HOWLEY ST. 2ND FLOOR PEABODY MA
133,AMESBURY CITY OF,26 NEWTON RD RR AMESBURY MA
134,AMESBURY HOUSING AUTHORITY,26 SUMMER ST AMESBURY MA
135,AMESBURY HOUSING AUTHORITY,26 SUMMER ST AMESBURY MA
136,AMESBURY HOUSING AUTHORITY,26 SUMMER ST AMESBURY MA
137,SULLIVAN CHESTER C TRE,27 HENRY J DRIVE TEWKSBURY MA
138,TOWN OF ARLINGTON,27 MAPLE STREET ARLINGTON MA
139,HOUSING SUPPORT INC,29 GREEN ST NEWBURYPORT MA
140,COMMUNITY ALTERNATIVE RES ENV,291 MYSTIC AVE MEDFORD MA
141,BROADWAL  INC.,291 MYSTIC AVE MEDFORD MA
142,CALVARY METHODIST EPISCOPAL,300 MASS AVE ARLINGTON MA
143,CALVARY METH EPIS CHURCH,300 MASS AVE ARLINGTON MA
144,AMEGO INC,33 PERRY AVE ATTLEBORO MA
145,SNECOF ASSOC 7TH DAY ADVE,34 SAWYER ST SO LANCASTER MA
146,ABINGTON TOWN OF,350 SUMMER ST ABINGTON MA
147,UNION CONGREGATIONAL CHURCH,352 MAIN ST AMESBURY MA
148,UNION CONGREGATIONAL CHURCH,352 MAIN ST AMESBURY MA
149,UNION CONGREGATIONAL CHURCH,352 MAIN STREET AMESBURY MA
150,MARKET STREET BAPTIST CHURCH,37 MARKET ST AMESBURY MA
151,MARKET STREET BAPTIST CHURCH,37 MARKET STREET AMESBURY MA
152,ARLINGTON POST NO 39,370 MASS AVE ARLINGTON MA
153,PROTESTANT EPISCOPAL DIOCES,38 MARATHON ST ARLINGTON MA
154,CANDLEBERRY CHAPEL INC,381 SO MAIN ST ATTLEBORO MA
155,THE GREEK ORTHODOX CHURCH,4 APPLETON PL ARLINGTON MA
156,SALISBURY POINT CEMETERY ASSOC,4 BUTTONWOOD RD AMESBURY MA
157,SALISBURY POINT CEMETERY ASSOC,4 BUTTONWOOD RD AMESBURY MA
158,SALISBURY POINT CEMETERY ASSOC,4 BUTTONWOOD RD AMESBURY MA
159,SALISBURY POINT CEMETERY ASSOC,4 BUTTONWOOD RD AMESBURY MA
160,BARTLETT CEMETERY,4 LAKEVIEW AVE AMESBURY MA
161,ARLINGTON HOUSING AUTHORITY,4 WINSLOW ST ARLINGTON MA
162,ARLINGTON HOUSING AUTHORITY,4 WINSLOW ST ARLINGTON MA
163,ARLINGTON HOUSING AUTHORITY,4 WINSLOW STREET ARLINGTON MA
164,ARLINGTON HOUSING AUTHORITY,4 WINSLOW STREET ARLINGTON MA
165,SALVATION ARMY OF MASS INC,402 MASS AVE CAMBRIDGE MA
166,ARMENIAN CULTURAL,441 MYSTIC ST ARLINGTON MA
167,ROMAN CATHOLIC ARCHBISHOP OF B,455 PLYMOUTH STREET ABINGTON MA
168,ROMAN CATHOLIC ARCHBISHOP OF B,455 PLYMOUTH STREET ABINGTON MA
169,LOWELL'S MARITIME FOUNDATION INC,459 MAIN ST AMESBURY MA
170,LOWELL'S MARITIME FOUNDATION INC,459 MAIN ST AMESBURY MA
171,LOWELL'S MARITIME FOUNDATION INC,459 MAIN ST AMESBURY MA
172,BRIDGEWELL INCORPORATED,471 BROADWAY LYNNFIELD MA
173,ROBERTS ROGER/CYNTHIA,5 FIFTH ST AMESBURY MA
174,PARK AVENUE,50 PAUL REVERE RD ARLINGTON MA
175,PARK AVE CONGREGATIONAL CHU,50 PAUL REVERE RD ARLINGTON MA
176,MASS BAY TRANSIT AUTHORITY,500 ARBORWAY JAMAICA PLAIN MA
177,MASS BAY TRANSIT AUTHORITY,500 ARBORWAY JAMAICA PLAIN MA
178,MASS BAY TRANSIT AUTHORITY,500 ARBORWAY JAMAICA PLAIN MA
179,ABINGTON TOWN OF,500 GLINIEIWCZ WAY ABINGTON MA
180,ABINGTON TOWN OF,500 GLINIEWCIZ WAY ABINGTON MA
181,ABINGTON TOWN OF,500 GLINIEWICZ  WAY ABINGTON MA
182,ABINGTON TOWN OF,500 GLINIEWICZ WAY ABINGTON MA
183,ABINGTON TOWN OF,500 GLINIEWICZ WAY ABINGTON MA
184,ABINGTON TOWN OF,500 GLINIEWICZ WAY ABINGTON MA
185,ABINGTON TOWN OF,500 GLINIEWICZ WAY ABINGTON MA
186,ABINGTON TOWN OF,500 GLINIEWICZ WAY ABINGTON MA
187,ABINGTON TOWN OF,500 GLINIEWICZ WAY ABINGTON MA
188,ABINGTON TOWN OF,500 GLINIEWICZ WAY ABINGTON MA
189,ABINGTON TOWN OF,500 GLINIEWICZ WAY ABINGTON MA
190,ABINGTON TOWN OF,500 GLINIEWICZ WAY ABINGTON MA
191,ABINGTON TOWN OF,500 GLINIEWICZ WAY ABINGTON MA
192,ABINGTON TOWN OF,500 GLINIEWICZ WAY ABINGTON MA
193,ABINGTON TOWN OF,500 GLINIEWICZ WAY ABINGTON MA
194,ABINGTON TOWN OF,500 GLINIEWICZ WAY ABINGTON MA
195,ABINGTON TOWN OF,500 GLINIEWICZ WAY ABINGTON MA
196,ABINGTON TOWN OF,500 GLINIEWICZ WAY ABINGTON MA
197,ABINGTON TOWN OF,500 GLINIEWICZ WAY ABINGTON MA
198,ABINGTON TOWN OF,500 GLINIEWICZ WAY ABINGTON MA
199,ABINGTON TOWN OF,500 GLINIEWICZ WAY ABINGTON MA
200,ABINGTON TOWN OF,500 GLINIEWICZ WAY ABINGTON MA
201,ABINGTON TOWN OF,500 GLINIEWICZ WAY ABINGTON MA
202,ABINGTON TOWN OF,500 GLINIEWICZ WAY ABINGTON MA
203,ABINGTON TOWN OF,500 GLINIEWICZ WAY ABINGTON MA
204,ABINGTON TOWN OF,500 GLINIEWICZ WAY ABINGTON MA
205,ABINGTON TOWN OF,500 GLINIEWICZ WAY ABINGTON MA
206,ABINGTON TOWN OF,500 GLINIEWICZ WAY ABINGTON MA
207,ABINGTON TOWN OF,500 GLINIEWICZ WAY ABINGTON MA
208,ABINGTON TOWN OF,500 GLINIEWICZ WAY ABINGTON MA
209,ABINGTON TOWN OF,500 GLINIEWICZ WAY ABINGTON MA
210,ABINGTON TOWN OF,500 GLINIEWICZ WAY ABINGTON MA
211,ABINGTON TOWN OF,500 GLINIEWICZ WAY ABINGTON MA
212,ABINGTON TOWN OF,500 GLINIEWICZ WAY ABINGTON MA
213,ABINGTON TOWN OF,500 GLINIEWICZ WAY ABINGTON MA
214,ABINGTON TOWN OF,500 GLINIEWICZ WAY ABINGTON MA
215,ABINGTON TOWN OF,500 GLINIEWICZ WAY ABINGTON MA
216,ABINGTON TOWN OF,500 GLINIEWICZ WAY ABINGTON MA
217,ABINGTON TOWN OF,500 GLINIEWICZ WAY ABINGTON MA
218,ABINGTON TOWN OF,500 GLINIEWICZ WAY ABINGTON MA
219,ABINGTON TOWN OF,500 GLINIEWICZ WAY ABINGTON MA
220,ABINGTON TOWN OF,500 GLINIEWICZ WAY ABINGTON MA
221,ABINGTON TOWN OF,500 GLINIEWICZ WAY ABINGTON MA
222,ABINGTON TOWN OF,500 GLINIEWICZ WAY ABINGTON MA
223,ABINGTON TOWN OF,500 GLINIEWICZ WAY ABINGTON MA
224,ABINGTON TOWN OF,500 GLINIEWICZ WAY ABINGTON MA
225,ABINGTON TOWN OF,500 GLINIEWICZ WAY ABINGTON MA
226,ABINGTON TOWN OF,500 GLINIEWICZ WAY ABINGTON MA
227,ABINGTON TOWN OF,500 GLINIEWICZ WAY ABINGTON MA
228,ABINGTON TOWN OF,500 GLINIEWICZ WAY ABINGTON MA
229,ABINGTON TOWN OF,500 GLINIEWICZ WAY ABINGTON MA
230,ABINGTON TOWN OF,500 GLINIEWICZ WAY ABINGTON MA
231,ABINGTON TOWN OF,500 GLINIEWICZ WAY ABINGTON MA
232,ABINGTON TOWN OF,500 GLINIEWICZ WAY ABINGTON MA
233,ABINGTON TOWN OF,500 GLINIEWICZ WAY ABINGTON MA
234,ABINGTON TOWN OF,500 GLINIEWICZ WAY ABINGTON MA
235,ABINGTON TOWN OF,500 GLINIEWICZ WAY ABINGTON MA
236,ABINGTON TOWN OF,500 GLINIEWICZ WAY ABINGTON MA
237,ABINGTON TOWN OF,500 GLINIEWICZ WAY ABINGTON MA
238,ABINGTON TOWN OF,500 GLINIEWICZ WAY ABINGTON MA
239,ABINGTON TOWN OF,500 GLINIEWICZ WAY ABINGTON MA
240,ABINGTON TOWN OF,500 GLINIEWICZ WAY ABINGTON MA
241,ABINGTON TOWN OF,500 GLINIEWICZ WAY ABINGTON MA
242,ABINGTON TOWN OF,500 GLINIEWICZ WAY ABINGTON MA
243,ABINGTON TOWN OF,500 GLINIEWICZ WAY ABINGTON MA
244,ABINGTON TOWN OF,500 GLINIEWICZ WAY ABINGTON MA
245,ABINGTON TOWN OF,500 GLINIEWICZ WAY ABINGTON MA
246,ABINGTON TOWN OF,500 GLINIEWICZ WAY ABINGTON MA
247,ABINGTON TOWN OF,500 GLINIEWICZ WAY ABINGTON MA
248,ABINGTON TOWN OF,500 GLINIEWICZ WAY ABINGTON MA
249,ABINGTON TOWN OF,500 GLINIEWICZ WAY ABINGTON MA
250,ABINGTON TOWN OF,500 GLINIEWICZ WAY ABINGTON MA
251,ABINGTON TOWN OF,500 GLINIEWICZ WAY ABINGTON MA
252,ABINGTON TOWN OF,500 GLINIEWICZ WAY ABINGTON MA
253,ABINGTON TOWN OF,500 GLINIEWICZ WAY ABINGTON MA
254,ABINGTON TOWN OF,500 GLINIEWICZ WAY ABINGTON MA
255,ABINGTON TOWN OF,500 GLINIEWICZ WAY ABINGTON MA
256,ABINGTON TOWN OF,500 GLINIEWICZ WAY ABINGTON MA
257,ABINGTON TOWN OF,500 GLINIEWICZ WAY ABINGTON MA
258,ABINGTON TOWN OF,500 GLINIEWICZ WAY ABINGTON MA
259,ABINGTON TOWN OF,500 GLINIEWICZ WAY ABINGTON MA
260,ABINGTON TOWN OF,500 GLINIEWICZ WAY ABINGTON MA
261,ABINGTON TOWN OF,500 GLINIEWICZ WAY ABINGTON MA
262,ABINGTON TOWN OF,500 GLINIEWICZ WAY ABINGTON MA
263,ABINGTON TOWN OF,500 GLINIEWICZ WAY ABINGTON MA
264,ABINGTON TOWN OF,500 GLINIEWICZ WAY ABINGTON MA
265,ABINGTON TOWN OF,500 GLINIEWICZ WAY ABINGTON MA
266,ABINGTON TOWN OF,500 GLINIEWICZ WAY ABINGTON MA
267,ABINGTON TOWN OF,500 GLINIEWICZ WAY ABINGTON MA
268,ABINGTON TOWN OF,500 GLINIEWICZ WAY ABINGTON MA
269,ABINGTON TOWN OF,500 GLINIEWICZ WAY ABINGTON MA
270,ABINGTON TOWN OF,500 GLINIEWICZ WAY ABINGTON MA
271,ABINGTON TOWN OF,500 GLINIEWICZ WAY ABINGTON MA
272,ABINGTON TOWN OF,500 GLINIEWICZ WAY ABINGTON MA
273,ABINGTON TOWN OF,500 GLINIEWICZ WAY ABINGTON MA
274,ABINGTON TOWN OF,500 GLINIEWICZ WAY ABINGTON MA
275,ABINGTON TOWN OF,500 GLINIEWICZ WAY ABINGTON MA
276,ABINGTON TOWN OF,500 GLINIEWICZ WAY ABINGTON MA
277,ABINGTON TOWN OF,500 GLINIEWICZ WAY ABINGTON MA
278,ABINGTON TOWN OF,500 GLINIEWICZ WAY ABINGTON MA
279,ABINGTON TOWN OF,500 GLINIEWICZ WAY ABINGTON MA
280,ABINGTON TOWN OF,500 GLINIEWICZ WAY ABINGTON MA
281,ABINGTON TOWN OF,500 GLINIEWICZ WAY ABINGTON MA
282,ABINGTON TOWN OF,500 GLINIEWICZ WAY ABINGTON MA
283,ABINGTON TOWN OF,500 GLINIEWICZ WAY ABINGTON MA
284,ABINGTON TOWN OF,500 GLINIEWICZ WAY ABINGTON MA
285,ABINGTON TOWN OF,500 GLINIEWICZ WAY ABINGTON MA
286,ABINGTON TOWN OF,500 GLINIEWICZ WAY ABINGTON MA
287,ABINGTON TOWN OF,500 GLINIEWICZ WAY ABINGTON MA
288,ABINGTON TOWN OF,500 GLINIEWICZ WAY ABINGTON MA
289,ABINGTON TOWN OF,500 GLINIEWICZ WAY ABINGTON MA
290,ABINGTON TOWN OF,500 GLINIEWICZ WAY ABINGTON MA
291,ABINGTON TOWN OF,500 GLINIEWICZ WAY ABINGTON MA
292,ABINGTON TOWN OF,500 GLINIEWICZ WAY ABINGTON MA
293,ABINGTON TOWN OF,500 GLINIEWICZ WAY ABINGTON MA
294,ABINGTON TOWN OF,500 GLINIEWICZ WAY ABINGTON MA
295,ABINGTON TOWN OF,500 GLINIEWICZ WAY ABINGTON MA
296,ABINGTON TOWN OF,500 GLINIEWICZ WAY ABINGTON MA
297,ABINGTON TOWN OF,500 GLINIEWICZ WAY ABINGTON MA
298,ABINGTON TOWN OF,500 GLINIEWICZ WAY ABINGTON MA
299,ABINGTON TOWN OF,500 GLINIEWICZ WAY ABINGTON MA
300,ABINGTON TOWN OF,500 GLINIEWICZ WAY ABINGTON MA
301,ABINGTON TOWN OF,500 GLINIEWICZ WAY ABINGTON MA
302,ABINGTON TOWN OF,500 GLINIEWICZ WAY ABINGTON MA
303,ABINGTON TOWN OF,500 GLINIEWICZ WAY ABINGTON MA
304,ABINGTON TOWN OF,500 GLINIEWICZ WAY ABINGTON MA
305,ABINGTON TOWN OF,500 GLINIEWICZ WAY ABINGTON MA
306,ABINGTON TOWN OF,500 GLINIEWICZ WAY ABINGTON MA
307,ABINGTON TOWN OF,500 GLINIEWICZ WAY ABINGTON MA
308,ABINGTON TOWN OF,500 GLINIEWICZ WAY ABINGTON MA
309,ABINGTON TOWN OF,500 GLINIEWICZ WAY ABINGTON MA
310,ABINGTON TOWN OF,500 GLINIEWICZ WAY ABINGTON MA
311,ABINGTON TOWN OF,500 GLINIEWICZ WAY ABINGTON MA
312,ABINGTON TOWN OF,500 GLINIEWICZ WAY ABINGTON MA
313,ABINGTON TOWN OF,500 GLINIEWICZ WAY ABINGTON MA
314,ABINGTON TOWN OF,500 GLINIEWICZ WAY ABINGTON MA
315,ABINGTON TOWN OF,500 GLINIEWICZ WAY ABINGTON MA
316,ABINGTON TOWN OF,500 GLINIEWICZ WAY ABINGTON MA
317,ABINGTON TOWN OF,500 GLINIEWICZ WAY ABINGTON MA
318,ABINGTON TOWN OF,500 GLINIEWICZ WAY ABINGTON MA
319,ABINGTON TOWN OF,500 GLINIEWICZ WAY ABINGTON MA
320,ABINGTON TOWN OF,500 GLINIEWICZ WAY ABINGTON MA
321,ABINGTON TOWN OF,500 GLINIEWICZ WAY ABINGTON MA
322,ABINGTON TOWN OF,500 GLINIEWICZ WAY ABINGTON MA
323,ABINGTON TOWN OF,500 GLINIEWICZ WAY ABINGTON MA
324,ABINGTON TOWN OF,500 GLINIEWICZ WAY ABINGTON MA
325,ABINGTON TOWN OF,500 GLINIEWICZ WAY ABINGTON MA
326,ABINGTON TOWN OF,500 GLINIEWICZ WAY ABINGTON MA
327,ABINGTON TOWN OF,500 GLINIEWICZ WAY ABINGTON MA
328,ABINGTON TOWN OF,500 GLINIEWICZ WAY ABINGTON MA
329,ABINGTON TOWN OF,500 GLINIEWICZ WAY ABINGTON MA
330,ABINGTON TOWN OF,500 GLINIEWICZ WAY ABINGTON MA
331,ABINGTON TOWN OF,500 GLINIEWICZ WAY ABINGTON MA
332,ABINGTON TOWN OF,500 GLINIEWICZ WAY ABINGTON MA
333,ABINGTON TOWN OF,500 GLINIEWICZ WAY ABINGTON MA
334,ABINGTON TOWN OF,500 GLINIEWICZ WAY ABINGTON MA
335,ABINGTON TOWN OF,500 GLINIEWICZ WAY ABINGTON MA
336,ABINGTON TOWN OF,500 GLINIEWICZ WAY ABINGTON MA
337,ABINGTON TOWN OF,500 GLINIEWICZ WAY ABINGTON MA
338,ABINGTON TOWN OF,500 GLINIEWICZ WAY ABINGTON MA
339,ABINGTON TOWN OF,500 GLINIEWICZ WAY ABINGTON MA
340,ABINGTON TOWN OF,500 GLINIEWICZ WAY ABINGTON MA
341,ABINGTON TOWN OF,500 GLINIEWICZ WAY ABINGTON MA
342,ABINGTON TOWN OF,500 GLINIEWICZ WAY ABINGTON MA
343,ABINGTON TOWN OF,500 GLINIEWICZ WAY ABINGTON MA
344,ABINGTON TOWN OF,500 GLINIEWICZ WAY ABINGTON MA
345,ABINGTON TOWN OF,500 GLINIEWICZ WAY ABINGTON MA
346,ABINGTON TOWN OF,500 GLINIEWICZ WAY ABINGTON MA
347,ABINGTON TOWN OF,500 GLINIEWICZ WAY ABINGTON MA
348,ABINGTON TOWN OF,500 GLINIEWICZ WAY ABINGTON MA
349,ABINGTON TOWN OF,500 GLINIEWICZ WAY ABINGTON MA
350,ABINGTON TOWN OF,500 GLINIEWICZ WAY ABINGTON MA
351,ABINGTON TOWN OF,500 GLINIEWICZ WAY ABINGTON MA
352,ABINGTON TOWN OF,500 GLINIEWICZ WAY ABINGTON MA
353,ABINGTON TOWN OF,500 GLINIEWICZ WAY ABINGTON MA
354,ABINGTON TOWN OF,500 GLINIEWICZ WAY ABINGTON MA
355,ABINGTON TOWN OF,500 GLINIEWICZ WAY ABINGTON MA
356,BETHANY CONGREGATIONAL CHURCH,516 NEWPORT AVE SO ATTLEBORO MA
357,AMESBURY CITY OF,55 S HUNT RD AMESBURY MA
358,ARLINGTON ELKS BLDG CORP,56 POND LANE ARLINGTON MA
359,"SIMPLE LIVING, INC",56 SPARHAWK ST AMESBURY MA
360,ALL SAINTS' ANGLICAN CHURCH OF AMESBURY,6 ALLENS CT AMESBURY MA
361,ALL SAINTS' ANGLICAN CHURCH OF AMESBURY,6 ALLENS CT AMESBURY MA
362,JOHN ASHFORD LINK HOUSE INC,6 CUTTS RD LOT #97 KITTERY ME
363,GOOD SHEPHERD EVANGELICAL,60 MAY ST ATTLEBORO MA
364,ARLINGTON BOYS CLUB INC,60 POND LANE ARLINGTON MA
365,ARLINGTON POST #1775,600 MASS AVE ARLINGTON MA
366,GRACE BAPTIST CHURCH,609 NO MAIN ST ATTLEBORO MA
367,AMESBURY CITY OF,62 FRIEND ST AMESBURY MA
368,AMESBURY CITY OF,62 FRIEND ST AMESBURY MA
369,AMESBURY CITY OF,62 FRIEND ST AMESBURY MA
370,AMESBURY CITY OF,62 FRIEND ST AMESBURY MA
371,AMESBURY CITY OF,62 FRIEND ST AMESBURY MA
372,AMESBURY CITY OF,62 FRIEND ST AMESBURY MA
373,AMESBURY CITY OF,62 FRIEND ST AMESBURY MA
374,AMESBURY CITY OF,62 FRIEND ST AMESBURY MA
375,AMESBURY CITY OF,62 FRIEND ST AMESBURY MA
376,AMESBURY CITY OF,62 FRIEND ST AMESBURY MA
377,AMESBURY CITY OF,62 FRIEND ST AMESBURY MA
378,AMESBURY CITY OF,62 FRIEND ST AMESBURY MA
379,AMESBURY CITY OF,62 FRIEND ST AMESBURY MA
380,AMESBURY CITY OF,62 FRIEND ST AMESBURY MA
381,AMESBURY CITY OF,62 FRIEND ST AMESBURY MA
382,AMESBURY CITY OF,62 FRIEND ST AMESBURY MA
383,AMESBURY CITY OF,62 FRIEND ST AMESBURY MA
384,AMESBURY CITY OF,62 FRIEND ST AMESBURY MA
385,AMESBURY CITY OF,62 FRIEND ST AMESBURY MA
386,AMESBURY CITY OF,62 FRIEND ST AMESBURY MA
387,AMESBURY CITY OF,62 FRIEND ST AMESBURY MA
388,AMESBURY CITY OF,62 FRIEND ST AMESBURY MA
389,AMESBURY CITY OF,62 FRIEND ST AMESBURY MA
390,AMESBURY CITY OF,62 FRIEND ST AMESBURY MA
391,AMESBURY CITY OF,62 FRIEND ST AMESBURY MA
392,AMESBURY CITY OF,62 FRIEND ST AMESBURY MA
393,AMESBURY CITY OF,62 FRIEND ST AMESBURY MA
394,AMESBURY CITY OF,62 FRIEND ST AMESBURY MA
395,AMESBURY CITY OF,62 FRIEND ST AMESBURY MA
396,AMESBURY CITY OF,62 FRIEND ST AMESBURY MA
397,AMESBURY CITY OF,62 FRIEND ST AMESBURY MA
398,AMESBURY CITY OF,62 FRIEND ST AMESBURY MA
399,AMESBURY CITY OF,62 FRIEND ST AMESBURY MA
400,AMESBURY CITY OF,62 FRIEND ST AMESBURY MA
401,AMESBURY CITY OF,62 FRIEND ST AMESBURY MA
402,AMESBURY CITY OF,62 FRIEND ST AMESBURY MA
403,AMESBURY CITY OF,62 FRIEND ST AMESBURY MA
404,AMESBURY CITY OF,62 FRIEND ST AMESBURY MA
405,AMESBURY CITY OF,62 FRIEND ST AMESBURY MA
406,AMESBURY CITY OF,62 FRIEND ST AMESBURY MA
407,AMESBURY CITY OF,62 FRIEND ST AMESBURY MA
408,AMESBURY CITY OF,62 FRIEND ST AMESBURY MA
409,AMESBURY CITY OF,62 FRIEND ST AMESBURY MA
410,AMESBURY CITY OF,62 FRIEND ST AMESBURY MA
411,AMESBURY CITY OF,62 FRIEND ST AMESBURY MA
412,AMESBURY CITY OF,62 FRIEND ST AMESBURY MA
413,AMESBURY CITY OF,62 FRIEND ST AMESBURY MA
414,AMESBURY CITY OF,62 FRIEND ST AMESBURY MA
415,AMESBURY CITY OF,62 FRIEND ST AMESBURY MA
416,AMESBURY CITY OF,62 FRIEND ST AMESBURY MA
417,AMESBURY CITY OF,62 FRIEND ST AMESBURY MA
418,AMESBURY CITY OF,62 FRIEND ST AMESBURY MA
419,AMESBURY CITY OF,62 FRIEND ST AMESBURY MA
420,AMESBURY CITY OF,62 FRIEND ST AMESBURY MA
421,AMESBURY CITY OF,62 FRIEND ST AMESBURY MA
422,AMESBURY CITY OF,62 FRIEND ST AMESBURY MA
423,AMESBURY CITY OF,62 FRIEND ST AMESBURY MA
424,AMESBURY CITY OF,62 FRIEND ST AMESBURY MA
425,AMESBURY CITY OF,62 FRIEND ST AMESBURY MA
426,AMESBURY CITY OF,62 FRIEND ST AMESBURY MA
427,AMESBURY CITY OF,62 FRIEND ST AMESBURY MA
428,AMESBURY CITY OF,62 FRIEND ST AMESBURY MA
429,AMESBURY CITY OF,62 FRIEND ST AMESBURY MA
430,AMESBURY CITY OF,62 FRIEND ST AMESBURY MA
431,AMESBURY CITY OF,62 FRIEND ST AMESBURY MA
432,AMESBURY CITY OF,62 FRIEND ST AMESBURY MA
433,AMESBURY CITY OF,62 FRIEND ST AMESBURY MA
434,AMESBURY CITY OF,62 FRIEND ST AMESBURY MA
435,AMESBURY CITY OF,62 FRIEND ST AMESBURY MA
436,AMESBURY CITY OF,62 FRIEND ST AMESBURY MA
437,AMESBURY CITY OF,62 FRIEND ST AMESBURY MA
438,AMESBURY CITY OF,62 FRIEND ST AMESBURY MA
439,AMESBURY CITY OF,62 FRIEND ST AMESBURY MA
440,AMESBURY CITY OF,62 FRIEND ST AMESBURY MA
441,AMESBURY CITY OF,62 FRIEND ST AMESBURY MA
442,AMESBURY CITY OF,62 FRIEND ST AMESBURY MA
443,AMESBURY CITY OF,62 FRIEND ST AMESBURY MA
444,AMESBURY CITY OF,62 FRIEND ST AMESBURY MA
445,AMESBURY CITY OF,62 FRIEND ST AMESBURY MA
446,AMESBURY CITY OF,62 FRIEND ST AMESBURY MA
447,AMESBURY CITY OF,62 FRIEND ST AMESBURY MA
448,AMESBURY CITY OF,62 FRIEND STREET AMESBURY MA
449,AMESBURY CITY OF,62 FRIEND STREET AMESBURY MA
450,AMESBURY CITY OF,62 FRIEND STREET AMESBURY MA
451,AMESBURY CITY OF,62 FRIEND STREET AMESBURY MA
452,AMESBURY CITY OF,62 FRIEND STREET AMESBURY MA
453,AMESBURY CITY OF,62 FRIEND STREET AMESBURY MA
454,AMESBURY CITY OF,62 FRIEND STREET AMESBURY MA
455,AMESBURY CITY OF,62 FRIEND STREET AMESBURY MA
456,YOUNG MEN'S CHRISTIAN ASSOC OF ATTLEBORO,63 NO MAIN ST ATTLEBORO MA
457,FIRST CONGREGATIONAL PARISH,630 MASS AVE ARLINGTON MA
458,IMMANUEL EVANGELICAL LUTHERAN,647 NO MAIN ST ATTLEBORO MA
459,ST JOSEPH PARISH,66 BROOKS DRIVE BRAINTREE MA
460,ST JOSEPH PARISH,66 BROOKS DRIVE BRAINTREE MA
461,ST JOSEPH PARISH,66 BROOKS DRIVE BRAINTREE MA
462,ST JOSEPH PARISH,66 BROOKS DRIVE BRAINTREE MA
463,ST JOSEPH PARISH,66 BROOKS DRIVE BRAINTREE MA
464,ST JOSEPH PARISH,66 BROOKS DRIVE BROOKLINE MA
465,ARLINGTON HISTORICAL SOCIET,7 JASON ST ARLINGTON MA
466,ARLINGTON HISTORICAL SOCIET,7 JASON ST ARLINGTON MA
467,ARLINGTON HISTORICAL SOCIET,7 JASON STREET ARLINGTON MA
468,ARLINGTON HISTORICAL SOCIET,7 JASON STREET ARLINGTON MA
469,SARGENT FARM HOMEOWNERS TRUST,7 NEWTON RD AMESBURY MA
470,GRACE BAPTIST CHURCH,71 MIDDLE ROAD AMESBURY MA
471,HOUSING AUTHORITY ABINGTON,71 SHAW AV ABINGTON MA
472,HOUSING AUTHORITY ABINGTON,71 SHAW AVE ABINGTON MA
473,TOWN OF ARLINGTON PARK,730 MASS AVE ARLINGTON MA
474,TOWN OF ARLINGTON PARK,730 MASS AVE ARLINGTON MA
475,TOWN OF ARLINGTON PARK,730 MASS AVE ARLINGTON MA
476,TOWN OF ARLINGTON PARK,730 MASS AVE ARLINGTON MA
477,TOWN OF ARLINGTON PARK,730 MASS AVE ARLINGTON MA
478,TOWN OF ARLINGTON PARK,730 MASS AVE ARLINGTON MA
479,TOWN OF ARLINGTON PARK,730 MASS AVE ARLINGTON MA
480,TOWN OF ARLINGTON PARK,730 MASS AVE ARLINGTON MA
481,TOWN OF ARLINGTON PARK,730 MASS AVE ARLINGTON MA
482,TOWN OF ARLINGTON PARK,730 MASS AVE ARLINGTON MA
483,TOWN OF ARLINGTON PARK,730 MASS AVE ARLINGTON MA
484,TOWN OF ARLINGTON PARK,730 MASS AVE ARLINGTON MA
485,TOWN OF ARLINGTON PARK,730 MASS AVE ARLINGTON MA
486,TOWN OF ARLINGTON PARK,730 MASS AVE ARLINGTON MA
487,TOWN OF ARLINGTON PARK,730 MASS AVE ARLINGTON MA
488,TOWN OF ARLINGTON PARK,730 MASS AVE ARLINGTON MA
489,TOWN OF ARLINGTON PARK,730 MASS AVE ARLINGTON MA
490,TOWN OF ARLINGTON PARK,730 MASS AVE ARLINGTON MA
491,TOWN OF ARLINGTON PARK,730 MASS AVE ARLINGTON MA
492,TOWN OF ARLINGTON PARK,730 MASS AVE ARLINGTON MA
493,TOWN OF ARLINGTON PARK,730 MASS AVE ARLINGTON MA
494,TOWN OF ARLINGTON PARK,730 MASS AVE ARLINGTON MA
495,TOWN OF ARLINGTON PARK,730 MASS AVE ARLINGTON MA
496,TOWN OF ARLINGTON PARK,730 MASS AVE ARLINGTON MA
497,TOWN OF ARLINGTON PARK,730 MASS AVE ARLINGTON MA
498,TOWN OF ARLINGTON PARK,730 MASS AVE ARLINGTON MA
499,TOWN OF ARLINGTON PARK,730 MASS AVE ARLINGTON MA
500,TOWN OF ARLINGTON PARK,730 MASS AVE ARLINGTON MA
501,TOWN OF ARLINGTON PARK,730 MASS AVE ARLINGTON MA
502,TOWN OF ARLINGTON PARK,730 MASS AVE ARLINGTON MA
503,TOWN OF ARLINGTON PARK,730 MASS AVE ARLINGTON MA
504,TOWN OF ARLINGTON PARK,730 MASS AVE ARLINGTON MA
505,TOWN OF ARLINGTON PARK,730 MASS AVE ARLINGTON MA
506,TOWN OF ARLINGTON PARK,730 MASS AVE ARLINGTON MA
507,TOWN OF ARLINGTON PARK,730 MASS AVE ARLINGTON MA
508,TOWN OF ARLINGTON PARK,730 MASS AVE ARLINGTON MA
509,TOWN OF ARLINGTON PARK,730 MASS AVE ARLINGTON MA
510,TOWN OF ARLINGTON PARK,730 MASS AVE ARLINGTON MA
511,TOWN OF ARLINGTON PARK,730 MASS AVE ARLINGTON MA
512,TOWN OF ARLINGTON PARK,730 MASS AVE ARLINGTON MA
513,TOWN OF ARLINGTON PARK,730 MASS AVE ARLINGTON MA
514,TOWN OF ARLINGTON PARK,730 MASS AVE ARLINGTON MA
515,TOWN OF ARLINGTON PARK,730 MASS AVE ARLINGTON MA
516,TOWN OF ARLINGTON PARK,730 MASS AVE ARLINGTON MA
517,TOWN OF ARLINGTON PARK,730 MASS AVE ARLINGTON MA
518,TOWN OF ARLINGTON PARK,730 MASS AVE ARLINGTON MA
519,TOWN OF ARLINGTON PARK,730 MASS AVE ARLINGTON MA
520,TOWN OF ARLINGTON PARK,730 MASS AVE ARLINGTON MA
521,TOWN OF ARLINGTON PARK,730 MASS AVE ARLINGTON MA
522,TOWN OF ARLINGTON PARK,730 MASS AVE ARLINGTON MA
523,TOWN OF ARLINGTON PARK,730 MASS AVE ARLINGTON MA
524,TOWN OF ARLINGTON PARK,730 MASS AVE ARLINGTON MA
525,TOWN OF ARLINGTON PARK,730 MASS AVE ARLINGTON MA
526,TOWN OF ARLINGTON PARK,730 MASS AVE ARLINGTON MA
527,TOWN OF ARLINGTON PARK,730 MASS AVE ARLINGTON MA
528,TOWN OF ARLINGTON PARK,730 MASS AVE ARLINGTON MA
529,TOWN OF ARLINGTON PARK,730 MASS AVE ARLINGTON MA
530,TOWN OF ARLINGTON PARK,730 MASS AVE ARLINGTON MA
531,TOWN OF ARLINGTON PARK,730 MASS AVE ARLINGTON MA
532,TOWN OF ARLINGTON PARK,730 MASS AVE ARLINGTON MA
533,TOWN OF ARLINGTON PARK,730 MASS AVE ARLINGTON MA
534,TOWN OF ARLINGTON PARK,730 MASS AVE ARLINGTON MA
535,TOWN OF ARLINGTON PARK,730 MASS AVE ARLINGTON MA
536,TOWN OF ARLINGTON PARK,730 MASS AVE ARLINGTON MA
537,TOWN OF ARLINGTON PARK,730 MASS AVE ARLINGTON MA
538,TOWN OF ARLINGTON PARK,730 MASS AVE ARLINGTON MA
539,TOWN OF ARLINGTON PARK,730 MASS AVE ARLINGTON MA
540,TOWN OF ARLINGTON PARK,730 MASS AVE ARLINGTON MA
541,TOWN OF ARLINGTON PARK,730 MASS AVE ARLINGTON MA
542,TOWN OF ARLINGTON PARK,730 MASS AVE ARLINGTON MA
543,TOWN OF ARLINGTON PARK,730 MASS AVE ARLINGTON MA
544,TOWN OF ARLINGTON PARK,730 MASS AVE ARLINGTON MA
545,TOWN OF ARLINGTON PARK,730 MASS AVE ARLINGTON MA
546,TOWN OF ARLINGTON PARK,730 MASS AVE ARLINGTON MA
547,TOWN OF ARLINGTON PARK,730 MASS AVE ARLINGTON MA
548,TOWN OF ARLINGTON PARK,730 MASS AVE ARLINGTON MA
549,TOWN OF ARLINGTON PARK,730 MASS AVE ARLINGTON MA
550,TOWN OF ARLINGTON PARK,730 MASS AVE ARLINGTON MA
551,TOWN OF ARLINGTON PARK,730 MASS AVE ARLINGTON MA
552,TOWN OF ARLINGTON PARK,730 MASS AVE ARLINGTON MA
553,TOWN OF ARLINGTON PARK,730 MASS AVE ARLINGTON MA
554,TOWN OF ARLINGTON PARK,730 MASS AVE ARLINGTON MA
555,TOWN OF ARLINGTON PARK,730 MASS AVE ARLINGTON MA
556,TOWN OF ARLINGTON PARK,730 MASS AVE ARLINGTON MA
557,TOWN OF ARLINGTON PARK,730 MASS AVE ARLINGTON MA
558,TOWN OF ARLINGTON PARK,730 MASS AVE ARLINGTON MA
559,TOWN OF ARLINGTON PARK,730 MASS AVE ARLINGTON MA
560,TOWN OF ARLINGTON PARK,730 MASS AVE ARLINGTON MA
561,TOWN OF ARLINGTON PARK,730 MASS AVE ARLINGTON MA
562,TOWN OF ARLINGTON PARK,730 MASS AVE ARLINGTON MA
563,TOWN OF ARLINGTON PARK,730 MASS AVE ARLINGTON MA
564,TOWN OF ARLINGTON PARK,730 MASS AVE ARLINGTON MA
565,TOWN OF ARLINGTON PARK,730 MASS AVE ARLINGTON MA
566,TOWN OF ARLINGTON PARK,730 MASS AVE ARLINGTON MA
567,TOWN OF ARLINGTON PARK,730 MASS AVE ARLINGTON MA
568,TOWN OF ARLINGTON PARK,730 MASS AVE ARLINGTON MA
569,TOWN OF ARLINGTON PARK,730 MASS AVE ARLINGTON MA
570,TOWN OF ARLINGTON PARK,730 MASS AVE ARLINGTON MA
571,TOWN OF ARLINGTON PARK,730 MASS AVE ARLINGTON MA
572,TOWN OF ARLINGTON PARK,730 MASS AVE ARLINGTON MA
573,TOWN OF ARLINGTON PARK,730 MASS AVE ARLINGTON MA
574,TOWN OF ARLINGTON PARK,730 MASS AVE ARLINGTON MA
575,TOWN OF ARLINGTON PARK,730 MASS AVE ARLINGTON MA
576,TOWN OF ARLINGTON PARK,730 MASS AVE ARLINGTON MA
577,TOWN OF ARLINGTON PARK,730 MASS AVE ARLINGTON MA
578,TOWN OF ARLINGTON PARK,730 MASS AVE ARLINGTON MA
579,TOWN OF ARLINGTON PARK,730 MASS AVE ARLINGTON MA
580,TOWN OF ARLINGTON PARK,730 MASS AVE ARLINGTON MA
581,TOWN OF ARLINGTON PARK,730 MASS AVE ARLINGTON MA
582,TOWN OF ARLINGTON PARK,730 MASS AVE ARLINGTON MA
583,TOWN OF ARLINGTON PARK,730 MASS AVE ARLINGTON MA
584,TOWN OF ARLINGTON PARK,730 MASS AVE ARLINGTON MA
585,TOWN OF ARLINGTON PARK,730 MASS AVE ARLINGTON MA
586,TOWN OF ARLINGTON PARK,730 MASS AVE ARLINGTON MA
587,TOWN OF ARLINGTON PARK,730 MASS AVE ARLINGTON MA
588,TOWN OF ARLINGTON PARK,730 MASS AVE ARLINGTON MA
589,TOWN OF ARLINGTON PARK,730 MASS AVE ARLINGTON MA
590,TOWN OF ARLINGTON PARK,730 MASS AVE ARLINGTON MA
591,TOWN OF ARLINGTON PARK,730 MASS AVE ARLINGTON MA
592,TOWN OF ARLINGTON PARK,730 MASS AVE ARLINGTON MA
593,TOWN OF ARLINGTON PARK,730 MASS AVE ARLINGTON MA
594,TOWN OF ARLINGTON PARK,730 MASS AVE ARLINGTON MA
595,TOWN OF ARLINGTON PARK,730 MASS AVE ARLINGTON MA
596,TOWN OF ARLINGTON PARK,730 MASS AVE ARLINGTON MA
597,TOWN OF ARLINGTON PARK,730 MASS AVE ARLINGTON MA
598,TOWN OF ARLINGTON PARK,730 MASS AVE ARLINGTON MA
599,TOWN OF ARLINGTON PARK,730 MASS AVE ARLINGTON MA
600,TOWN OF ARLINGTON PARK,730 MASS AVE ARLINGTON MA
601,TOWN OF ARLINGTON PARK,730 MASS AVE ARLINGTON MA
602,TOWN OF ARLINGTON PARK,730 MASS AVE ARLINGTON MA
603,TOWN OF ARLINGTON PARK,730 MASS AVE ARLINGTON MA
604,TOWN OF ARLINGTON PARK,730 MASS AVE ARLINGTON MA
605,TOWN OF ARLINGTON PARK,730 MASS AVE ARLINGTON MA
606,TOWN OF ARLINGTON PARK,730 MASS AVE ARLINGTON MA
607,TOWN OF ARLINGTON PARK,730 MASS AVE ARLINGTON MA
608,TOWN OF ARLINGTON PARK,730 MASS AVE ARLINGTON MA
609,TOWN OF ARLINGTON PARK,730 MASS AVE ARLINGTON MA
610,TOWN OF ARLINGTON PARK,730 MASS AVE ARLINGTON MA
611,TOWN OF ARLINGTON PARK,730 MASS AVE ARLINGTON MA
612,TOWN OF ARLINGTON PARK,730 MASS AVE ARLINGTON MA
613,TOWN OF ARLINGTON PARK,730 MASS AVE ARLINGTON MA
614,TOWN OF ARLINGTON PARK,730 MASS AVE ARLINGTON MA
615,TOWN OF ARLINGTON PARK,730 MASS AVE ARLINGTON MA
616,TOWN OF ARLINGTON PARK,730 MASS AVE ARLINGTON MA
617,TOWN OF ARLINGTON PARK,730 MASS AVE ARLINGTON MA
618,TOWN OF ARLINGTON PARK,730 MASS AVE ARLINGTON MA
619,TOWN OF ARLINGTON PARK,730 MASS AVE ARLINGTON MA
620,TOWN OF ARLINGTON PARK,730 MASS AVE ARLINGTON MA
621,TOWN OF ARLINGTON PARK,730 MASS AVE ARLINGTON MA
622,TOWN OF ARLINGTON PARK,730 MASS AVE ARLINGTON MA
623,TOWN OF ARLINGTON PARK,730 MASS AVE ARLINGTON MA
624,TOWN OF ARLINGTON PARK,730 MASS AVE ARLINGTON MA
625,TOWN OF ARLINGTON PARK,730 MASS AVE ARLINGTON MA
626,TOWN OF ARLINGTON PARK,730 MASS AVE ARLINGTON MA
627,TOWN OF ARLINGTON PARK,730 MASS AVE ARLINGTON MA
628,TOWN OF ARLINGTON PARK,730 MASS AVE ARLINGTON MA
629,TOWN OF ARLINGTON PARK,730 MASS AVE ARLINGTON MA
630,TOWN OF ARLINGTON PARK,730 MASS AVE ARLINGTON MA
631,TOWN OF ARLINGTON PARK,730 MASS AVE ARLINGTON MA
632,TOWN OF ARLINGTON PARK,730 MASS AVE ARLINGTON MA
633,TOWN OF ARLINGTON PARK,730 MASS AVE ARLINGTON MA
634,TOWN OF ARLINGTON PARK,730 MASS AVE ARLINGTON MA
635,TOWN OF ARLINGTON PARK,730 MASS AVE ARLINGTON MA
636,TOWN OF ARLINGTON PARK,730 MASS AVE ARLINGTON MA
637,TOWN OF ARLINGTON PARK,730 MASS AVE ARLINGTON MA
638,TOWN OF ARLINGTON PARK,730 MASS AVE ARLINGTON MA
639,TOWN OF ARLINGTON PARK,730 MASS AVE ARLINGTON MA
640,TOWN OF ARLINGTON PARK,730 MASS AVE ARLINGTON MA
641,TOWN OF ARLINGTON PARK,730 MASS AVE ARLINGTON MA
642,TOWN OF ARLINGTON PARK,730 MASS AVE ARLINGTON MA
643,TOWN OF ARLINGTON PARK,730 MASS AVE ARLINGTON MA
644,TOWN OF ARLINGTON PARK,730 MASS AVE ARLINGTON MA
645,TOWN OF ARLINGTON PARK,730 MASS AVE ARLINGTON MA
646,TOWN OF ARLINGTON PARK,730 MASS AVE ARLINGTON MA
647,TOWN OF ARLINGTON PARK,730 MASS AVE ARLINGTON MA
648,TOWN OF ARLINGTON PARK,730 MASS AVE ARLINGTON MA
649,TOWN OF ARLINGTON PARK,730 MASS AVE ARLINGTON MA
650,TOWN OF ARLINGTON PARK,730 MASS AVE ARLINGTON MA
651,TOWN OF ARLINGTON PARK,730 MASS AVE ARLINGTON MA
652,TOWN OF ARLINGTON PARK,730 MASS AVE ARLINGTON MA
653,TOWN OF ARLINGTON PARK,730 MASS AVE ARLINGTON MA
654,TOWN OF ARLINGTON PARK,730 MASS AVE ARLINGTON MA
655,TOWN OF ARLINGTON PARK,730 MASS AVE ARLINGTON MA
656,TOWN OF ARLINGTON PARK,730 MASS AVE ARLINGTON MA
657,TOWN OF ARLINGTON PARK,730 MASS AVE ARLINGTON MA
658,TOWN OF ARLINGTON PARK,730 MASS AVE ARLINGTON MA
659,TOWN OF ARLINGTON PARK,730 MASS AVE ARLINGTON MA
660,TOWN OF ARLINGTON,730 MASS AVENUE ARLINGTON MA
661,TOWN OF ARLINGTON,730 MASS AVENUE ARLINGTON MA
662,TOWN OF ARLINGTON,730 MASS AVENUE ARLINGTON MA
663,TOWN OF ARLINGTON,730 MASS AVENUE ARLINGTON MA
664,TOWN OF ARLINGTON,730 MASS AVENUE ARLINGTON MA
665,TOWN OF ARLINGTON,730 MASS AVENUE ARLINGTON MA
666,TOWN OF ARLINGTON,730 MASS AVENUE ARLINGTON MA
667,TOWN OF ARLINGTON,730 MASS AVENUE ARLINGTON MA
668,TOWN OF ARLINGTON,730 MASS AVENUE ARLINGTON MA
669,TOWN OF ARLINGTON,730 MASS AVENUE ARLINGTON MA
670,TOWN OF ARLINGTON,730 MASS AVENUE ARLINGTON MA
671,TOWN OF ARLINGTON,730 MASS AVENUE ARLINGTON MA
672,TOWN OF ARLINGTON,730 MASS AVENUE ARLINGTON MA
673,TOWN OF ARLINGTON,730 MASS AVENUE ARLINGTON MA
674,TOWN OF ARLINGTON,730 MASS AVENUE ARLINGTON MA
675,HIGHROCK CHURCH,735 MASS AVE ARLINGTON MA
676,HIGHROCK CHURCH INC,735 MASS AVE ARLINGTON MA
677,HIGHROCK CHURCH,735 MASS AVENUE ARLINGTON MA
678,ATTLEBORO CITY OF,77 PARK ATTLEBORO MA
679,ATTLEBORO CITY OF,77 PARK ST ATTLEBORO CT
680,ATTLEBORO CITY OF,77 PARK ST ATTLEBORO MA
681,ATTLEBORO CITY OF,77 PARK ST ATTLEBORO MA
682,ATTLEBORO CITY OF,77 PARK ST ATTLEBORO MA
683,ATTLEBORO CITY OF,77 PARK ST ATTLEBORO MA
684,ATTLEBORO CITY OF,77 PARK ST ATTLEBORO MA
685,ATTLEBORO CITY OF,77 PARK ST ATTLEBORO MA
686,ATTLEBORO CITY OF,77 PARK ST ATTLEBORO MA
687,ATTLEBORO CITY OF,77 PARK ST ATTLEBORO MA
688,ATTLEBORO CITY OF,77 PARK ST ATTLEBORO MA
689,ATTLEBORO CITY OF,77 PARK ST ATTLEBORO MA
690,ATTLEBORO CITY OF,77 PARK ST ATTLEBORO MA
691,ATTLEBORO CITY OF,77 PARK ST ATTLEBORO MA
692,ATTLEBORO CITY OF,77 PARK ST ATTLEBORO MA
693,ATTLEBORO CITY OF,77 PARK ST ATTLEBORO MA
694,ATTLEBORO CITY OF,77 PARK ST ATTLEBORO MA
695,ATTLEBORO CITY OF,77 PARK ST ATTLEBORO MA
696,ATTLEBORO CITY OF,77 PARK ST ATTLEBORO MA
697,ATTLEBORO CITY OF,77 PARK ST ATTLEBORO MA
698,ATTLEBORO CITY OF,77 PARK ST ATTLEBORO MA
699,ATTLEBORO CITY OF,77 PARK ST ATTLEBORO MA
700,ATTLEBORO CITY OF,77 PARK ST ATTLEBORO MA
701,ATTLEBORO CITY OF,77 PARK ST ATTLEBORO MA
702,ATTLEBORO CITY OF,77 PARK ST ATTLEBORO MA
703,ATTLEBORO CITY OF,77 PARK ST ATTLEBORO MA
704,ATTLEBORO CITY OF,77 PARK ST ATTLEBORO MA
705,ATTLEBORO CITY OF,77 PARK ST ATTLEBORO MA
706,ATTLEBORO CITY OF,77 PARK ST ATTLEBORO MA
707,ATTLEBORO CITY OF,77 PARK ST ATTLEBORO MA
708,ATTLEBORO CITY OF,77 PARK ST ATTLEBORO MA
709,ATTLEBORO CITY OF,77 PARK ST ATTLEBORO MA
710,ATTLEBORO CITY OF,77 PARK ST ATTLEBORO MA
711,ATTLEBORO CITY OF,77 PARK ST ATTLEBORO MA
712,ATTLEBORO CITY OF,77 PARK ST ATTLEBORO MA
713,ATTLEBORO CITY OF,77 PARK ST ATTLEBORO MA
714,ATTLEBORO CITY OF,77 PARK ST ATTLEBORO MA
715,ATTLEBORO CITY OF,77 PARK ST ATTLEBORO MA
716,ATTLEBORO CITY OF,77 PARK ST ATTLEBORO MA
717,ATTLEBORO CITY OF,77 PARK ST ATTLEBORO MA
718,ATTLEBORO CITY OF,77 PARK ST ATTLEBORO MA
719,ATTLEBORO CITY OF,77 PARK ST ATTLEBORO MA
720,ATTLEBORO CITY OF,77 PARK ST ATTLEBORO MA
721,ATTLEBORO CITY OF,77 PARK ST ATTLEBORO MA
722,ATTLEBORO CITY OF,77 PARK ST ATTLEBORO MA
723,ATTLEBORO CITY OF,77 PARK ST ATTLEBORO MA
724,ATTLEBORO CITY OF,77 PARK ST ATTLEBORO MA
725,ATTLEBORO CITY OF,77 PARK ST ATTLEBORO MA
726,ATTLEBORO CITY OF,77 PARK ST ATTLEBORO MA
727,ATTLEBORO CITY OF,77 PARK ST ATTLEBORO MA
728,ATTLEBORO CITY OF,77 PARK ST ATTLEBORO MA
729,ATTLEBORO CITY OF,77 PARK ST ATTLEBORO MA
730,ATTLEBORO CITY OF,77 PARK ST ATTLEBORO MA
731,ATTLEBORO CITY OF,77 PARK ST ATTLEBORO MA
732,ATTLEBORO CITY OF,77 PARK ST ATTLEBORO MA
733,ATTLEBORO CITY OF,77 PARK ST ATTLEBORO MA
734,ATTLEBORO CITY OF,77 PARK ST ATTLEBORO MA
735,ATTLEBORO CITY OF,77 PARK ST ATTLEBORO MA
736,ATTLEBORO CITY OF,77 PARK ST ATTLEBORO MA
737,ATTLEBORO CITY OF,77 PARK ST ATTLEBORO MA
738,ATTLEBORO CITY OF,77 PARK ST ATTLEBORO MA
739,ATTLEBORO CITY OF,77 PARK ST ATTLEBORO MA
740,ATTLEBORO CITY OF,77 PARK ST ATTLEBORO MA
741,ATTLEBORO CITY OF,77 PARK ST ATTLEBORO MA
742,ATTLEBORO CITY OF,77 PARK ST ATTLEBORO MA
743,ATTLEBORO CITY OF,77 PARK ST ATTLEBORO MA
744,ATTLEBORO CITY OF,77 PARK ST ATTLEBORO MA
745,ATTLEBORO CITY OF,77 PARK ST ATTLEBORO MA
746,ATTLEBORO CITY OF,77 PARK ST ATTLEBORO MA
747,ATTLEBORO CITY OF,77 PARK ST ATTLEBORO MA
748,ATTLEBORO CITY OF,77 PARK ST ATTLEBORO MA
749,ATTLEBORO CITY OF,77 PARK ST ATTLEBORO MA
750,ATTLEBORO CITY OF,77 PARK ST ATTLEBORO MA
751,ATTLEBORO CITY OF,77 PARK ST ATTLEBORO MA
752,ATTLEBORO CITY OF,77 PARK ST ATTLEBORO MA
753,ATTLEBORO CITY OF,77 PARK STREET ATTLEBORO MA
754,BRISTOL COMMUNITY COLLEGE FOUNDATION INC,777 ELSEBREE STREET FALL RIVER MA
755,SCHOOLS FOR CHILDREN INC,8 WINCHESTER PL SUITE 202 WINCHESTER MA
756,ATTLEBORO HOUSING AUTHORITY,80 SOUTH AVE ATTLEBORO MA
757,ROBBINS CHILDREN'S PROGRAMS INC,803 NO MAIN ST ATTLEBORO MA
758,FIRST BAPTIST CHURCH,819 MASS AVE ARLINGTON MA
759,ESSEX COUNTY GREENBELT ASSOC INC,82 EASTERN AVE ESSEX MA
760,ESSEX COUNTY GREENBELT ASSOC,82 EASTERN AVE ESSEX MA
761,ESSEX COUNTY GREENBELT ASSOCIATION INC,82 EASTERN AVE ESSEX MA
762,"ESSEX COUNTY GREENBELT ASSOC, INC.",82 EASTERN AVE ESSEX MA
763,ARLINGTON BAPTIST SOCIETY,83 RICHMOND RD BELMONT MA
764,INVESTMENT REALTY CO LLC,83A MECHANIC ST ATTLEBORO MA
765,MONROE STREET CEMETERY,85 MONROE ST AMESBURY MA
766,MERRIMACK VALLEY REGIONAL TRANSIT AUTHOR,85 RAILROAD AVE HAVERHILL MA
767,MERRIMACK VALLEY REGIONAL TRANSIT AUTHOR,85 RAILROAD AVE HAVERHILL MA
768,MERRIMACK VALLEY REGIONAL TRANSIT AUTHOR,85 RAILROAD AVE HAVERHILL MA
769,WHITTIER HOME ASSOCIATION,86 FRIEND ST AMESBURY MA
770,ATTLEBORO MUSEUM INC,86 PARK ST ATTLEBORO MA
771,BRISTOL COUNTY COURT HOUSE,88 N MAIN ST ATTLEBORO MA
772,NEXUS INC,888 MAIN STREET WOBURN MA
773,CHRISTIAN LIFE CHURCH,9 WESTMINSTER AVENUE ARLINGTON MA
774,SHRINE OF OUR LADY OF LASALETTE,928 PARK ST ATTLEBORO MA
775,ST PAUL EVANGELICAL LUTHERA,929 CONCORD TURNPIKE ARLINGTON MA
776,ST PAUL EVANGELICAL LUTHERA,929 CONCORD TURNPIKE ARLINGTON MA
777,ST PAUL EVANGELICAL LUTHERA,929 CONCORD TURNPIKE ARLINGTON MA
778,VINFEN CORPORATION,950 CAMBRIDGE ST CAMBRIDGE MA
779,MERRIMACK HOUSING CORPORATION,950 CAMBRIDGE ST CAMBRIDGE MA
780,GRACE REFORMED BAPTIST CHURCH,98 KIMBALL RD AMESBURY MA
781,ABINGTON TOWN OF,BROOKFIELD RD ABINGTON MA
782,CHRISTIAN & MISSIONARY ALLIANCE,C/O HAZAEL MORELL DIR OF FINAN CRANSTON RI
783,AMESBURY CITY OF,CITY HALL AMESBURY MA
784,AMESBURY CITY OF,CITY HALL AMESBURY MA
785,AMESBURY CITY OF,CITY HALL AMESBURY MA
786,ABINGTON TOWN OF,CONSTITUTION AV ABINGTON MA
787,ABINGTON TOWN OF,DAVIS ST ABINGTON MA
788,ABINGTON TOWN OF,DAVIS ST ABINGTON MA
789,ABINGTON TOWN OF,ECC ABINGTON MA
790,ABINGTON TOWN OF,FROLIO SCHOOL ABINGTON MA
791,AMESBURY HOUSING AUTHORITY,HERITAGE VALE AMESBURY MA
792,ABINGTON TOWN OF,JR HIGH ATHLETIC FIELD ABINGTON MA
793,ABINGTON TOWN OF,JUNIOR HIGH SCHOOL ABINGTON MA
794,ABINGTON TOWN OF,JUNIOR HIGH SCHOOL ABINGTON MA
795,ABINGTON TOWN OF,JUNIOR HIGH SCHOOL ABINGTON MA
796,TOWN OF ARLINGTON,LOT MAGNOLIA ST Arlington MA
797,COMMONWEALTH OF MASSACHUSETTS,ONE ASHBURTON PLACE BOSTON MA
798,COMMONWEALTH OF MASSACHUSETTS,ONE ASHBURTON PLACE BOSTON MA
799,COMMONWEALTH OF MASSACHUSETTS,ONE ASHBURTON PLACE BOSTON MA
800,COMMONWEALTH OF MASSACHUSETTS,ONE ASHBURTON PLACE BOSTON MA
801,KENNEDY-DONOVAN CENTER INC,ONE COMMERCIAL ST FOXBORO MA
802,POWDERHOUSE HOMEOWNERS ASSOCIATION TRUST,P O BOX 131 BOXFORD MA
803,POWDERHOUSE HOMEOWNERS ASSOCIATION TRUST,P O BOX 131 BOXFORD MA
804,MOUNT VERNON CEMETERY CORP,P O BOX 154 ABINGTON MA
805,MOUNT VERNON CEMETERY CO,P O BOX 154 ABINGTON MA
806,WEST WINKLEY INC,P O BOX 548 NEWBURYPORT MA
807,REORGANIZED CHURCH OF JESUS,P O BOX 923 EAST WAREHAM MA
808,SCARECROW & THE FATMAN LLC,P.O. BOX 2806 S. PORTLAND ME
809,TWENTY THREE MIDDLE INC,P.O. BOX 548 - 5 PERRY WAY NEWBURYPORT MA
810,ROWELL SIX INC,P.O. BOX 548 - 5 PERRY WAY NEWBURYPORT MA
811,BARTLETT MUSEUM INC,P.O.BOX 692 AMESBURY MA
812,PARK AVENUE,PARK AVE ARLINGTON MA
813,ABINGTON TOWN OF,PARK DEPARTMENT ABINGTON MA
814,ABINGTON TOWN OF,PARK DEPARTMENT ABINGTON MA
815,MOUNT VERNON CEMETERY CO,PO BOX 154 ABINGTON MA
816,MOUNT VERNON CORP,PO BOX 154 ABINGTON MA
817,EVANGELICAL COVENANT CHURCH,PO BOX 208 ATTLEBORO MA
818,CAMP BAUERCREST INC,PO BOX 224 AMESBURY MA
819,CAMP BAUERCREST INC,PO BOX 224 AMESBURY MA
820,CAMP BAUERCREST INC,PO BOX 224 AMESBURY MA
821,CAMP BAUERCREST INC,PO BOX 224 AMESBURY MA
822,CAMP BAUERCREST INC,PO BOX 224 AMESBURY MA
823,CAMP BAUERCREST INC,PO BOX 224 AMESBURY MA
824,CAMP BAUERCREST INC,PO BOX 224 AMESBURY MA
825,CAMP BAUERCREST INC,PO BOX 224 AMESBURY MA
826,CAMP BAUERCREST INC,PO BOX 224 AMESBURY MA
827,CAMP BAUERCREST INC,PO BOX 224 AMESBURY MA
828,CAMP BAUERCREST INC,PO BOX 224 AMESBURY MA
829,CAMP BAUERCREST INC,PO BOX 224 AMESBURY MA
830,CAMP BAUERCREST INC,PO BOX 224 AMESBURY MA
831,CAMP BAUERCREST INC,PO BOX 224 AMESBURY MA
832,CAMP BAUERCREST INC,PO BOX 224 AMESBURY MA
833,CAMP BAUERCREST INC,PO BOX 224 AMESBURY MA
834,CAMP BAUERCREST INC,PO BOX 224 AMESBURY MA
835,N E CONF OF UNITED METHODIST CHURCH,PO BOX 249 LAWRENCE MA
836,"ARLINGTON LAND TRUST, INC",PO BOX 492 ARLINGTON MA
837,TURNING POINT INC,PO BOX 548 NEWBURYPORT MA
838,TURNING POINT INC,PO BOX 548 NEWBURYPORT MA
839,TURNING POINT INC,PO BOX 548 NEWBURYPORT MA
840,TURNING POINT INC,PO BOX 548 NEWBURYPORT MA
841,BARTLETT MUSEUM INC,PO BOX 692 AMESBURY MA
842,AMESBURY HOUSING AUTHORITY,POWOW VILLA AMESBURY MA
843,ABINGTON TOWN OF,NORTH QUINCY ST ABINGTON MA
844,AMESBURY CITY OF,SCHOOL DEPT. AMESBURY MA
845,ST JOSEPH CEMETERY,SCHOOL ST AMESBURY MA
846,ABINGTON TOWN OF,SEWER DEPARTMENT ABINGTON MA
847,ABINGTON TOWN OF,TAX LIEN CASE ABINGTON MA
848,ABINGTON TOWN OF,TAX TITLE ABINGTON MA
849,AMESBURY CITY OF,TOWN HALL AMESBURY MA
850,AMESBURY CITY OF,TOWN HALL AMESBURY MA
851,AMESBURY CITY OF,TOWN HALL AMESBURY MA
852,AMESBURY CITY OF,TOWN HALL AMESBURY MA
853,AMESBURY CITY OF,TOWN HALL AMESBURY MA
854,AMESBURY CITY OF,TOWN HALL AMESBURY MA
855,AMESBURY CITY OF,TOWN HALL AMESBURY MA
856,AMESBURY CITY OF,TOWN HALL AMESBURY MA
857,AMESBURY CITY OF,TOWN HALL AMESBURY MA
858,AMESBURY CITY OF,TOWN HALL AMESBURY MA
859,AMESBURY CITY OF,TOWN HALL AMESBURY MA
860,AMESBURY CITY OF,TOWN HALL AMESBURY MA
861,AMESBURY CITY OF,TOWN HALL AMESBURY MA
862,AMESBURY CITY OF,TOWN HALL AMESBURY MA
863,AMESBURY CITY OF,TOWN HALL AMESBURY MA
864,AMESBURY CITY OF,TOWN HALL AMESBURY MA
865,AMESBURY CITY OF,TOWN HALL AMESBURY MA
866,AMESBURY CITY OF,TOWN HALL AMESBURY MA
867,AMESBURY CITY OF,TOWN HALL AMESBURY MA
868,AMESBURY CITY OF,TOWN HALL AMESBURY MA
869,AMESBURY CITY OF,TOWN HALL AMESBURY MA
870,AMESBURY CITY OF,TOWN HALL AMESBURY MA
871,AMESBURY CITY OF,TOWN HALL AMESBURY MA
872,AMESBURY CITY OF,TOWN HALL AMESBURY MA
873,AMESBURY CITY OF,TOWN HALL AMESBURY MA
874,AMESBURY CITY OF,TOWN HALL AMESBURY MA
875,AMESBURY CITY OF,TOWN HALL AMESBURY MA
876,AMESBURY CITY OF,TOWN HALL AMESBURY MA
877,AMESBURY CITY OF,TOWN HALL AMESBURY MA
878,AMESBURY CITY OF,TOWN HALL AMESBURY MA
879,AMESBURY CITY OF,TOWN HALL AMESBURY MA
880,AMESBURY CITY OF,TOWN HALL AMESBURY MA
881,AMESBURY CITY OF,TOWN HALL AMESBURY MA
882,AMESBURY CITY OF,TOWN HALL AMESBURY MA
883,AMESBURY CITY OF,TOWN HALL AMESBURY MA
884,AMESBURY CITY OF,TOWN HALL AMESBURY MA
885,AMESBURY CITY OF,TOWN HALL AMESBURY MA
886,AMESBURY CITY OF,TOWN HALL AMESBURY MA
887,AMESBURY CITY OF,TOWN HALL AMESBURY MA
888,AMESBURY CITY OF,TOWN HALL AMESBURY MA
889,AMESBURY CITY OF,TOWN HALL AMESBURY MA
890,AMESBURY CITY OF,TOWN HALL AMESBURY MA
891,AMESBURY CITY OF,TOWN HALL AMESBURY MA
892,AMESBURY CITY OF,TOWN HALL AMESBURY MA
893,AMESBURY CITY OF,TOWN HALL AMESBURY MA
894,AMESBURY CITY OF,TOWN HALL AMESBURY MA
895,AMESBURY CITY OF,TOWN HALL AMESBURY MA
896,AMESBURY CITY OF,TOWN HALL AMESBURY MA
897,AMESBURY CITY OF,TOWN HALL AMESBURY MA
898,AMESBURY CITY OF,TOWN HALL AMESBURY MA
899,AMESBURY CITY OF,TOWN HALL AMESBURY MA
900,AMESBURY CITY OF,TOWN HALL AMESBURY MA
901,AMESBURY CITY OF,TOWN HALL AMESBURY MA
902,AMESBURY CITY OF,TOWN HALL AMESBURY MA
903,AMESBURY CITY OF,TOWN HALL AMESBURY MA
904,AMESBURY CITY OF,TOWN HALL AMESBURY MA
905,AMESBURY CITY OF,TOWN HALL AMESBURY MA
906,AMESBURY CITY OF,TOWN HALL AMESBURY MA
907,AMESBURY CITY OF,TOWN HALL AMESBURY MA
908,AMESBURY CITY OF,TOWN HALL AMESBURY MA
909,AMESBURY CITY OF,TOWN HALL AMESBURY MA
910,AMESBURY CITY OF,TOWN HALL AMESBURY MA
911,AMESBURY CITY OF,TOWN HALL AMESBURY MA
912,AMESBURY CITY OF,TOWN HALL AMESBURY MA
913,AMESBURY CITY OF,TOWN HALL AMESBURY MA
914,AMESBURY CITY OF,TOWN HALL AMESBURY MA
915,AMESBURY CITY OF,TOWN HALL AMESBURY MA
916,AMESBURY CITY OF,TOWN HALL AMESBURY MA
917,AMESBURY CITY OF,TOWN HALL AMESBURY MA
918,AMESBURY CITY OF,TOWN HALL AMESBURY MA
919,AMESBURY CITY OF,TOWN HALL AMESBURY MA
920,AMESBURY CITY OF,TOWN HALL AMESBURY MA
921,AMESBURY CITY OF,TOWN HALL AMESBURY MA
922,AMESBURY CITY OF,TOWN HALL AMESBURY MA
923,AMESBURY CITY OF,TOWN HALL AMESBURY MA
924,AMESBURY CITY OF,TOWN HALL AMESBURY MA
925,AMESBURY CITY OF,TOWN HALL AMESBURY MA
926,AMESBURY CITY OF,TOWN HALL AMESBURY MA
927,AMESBURY CITY OF,TOWN HALL AMESBURY MA
928,AMESBURY CITY OF,TOWN HALL AMESBURY MA
929,AMESBURY CITY OF,TOWN HALL AMESBURY MA
930,AMESBURY CITY OF,TOWN HALL AMESBURY MA
931,AMESBURY CITY OF,TOWN HALL AMESBURY MA
932,AMESBURY CITY OF,TOWN HALL AMESBURY MA
933,AMESBURY CITY OF,TOWN HALL AMESBURY MA
934,AMESBURY CITY OF,TOWN HALL AMESBURY MA
935,AMESBURY CITY OF,TOWN HALL AMESBURY MA
936,AMESBURY CITY OF,TOWN HALL AMESBURY MA
937,AMESBURY CITY OF,TOWN HALL AMESBURY MA
938,AMESBURY CITY OF,TOWN HALL AMESBURY MA
939,AMESBURY CITY OF,TOWN HALL AMESBURY MA
940,AMESBURY CITY OF,TOWN HALL AMESBURY MA
941,AMESBURY CITY OF,TOWN HALL AMESBURY MA
942,AMESBURY CITY OF,TOWN HALL AMESBURY MA
943,AMESBURY CITY OF,TOWN HALL AMESBURY MA
944,AMESBURY CITY OF,TOWN HALL AMESBURY MA
945,AMESBURY CITY OF,TOWN HALL AMESBURY MA
946,AMESBURY CITY OF,TOWN HALL AMESBURY MA
947,AMESBURY CITY OF,TOWN HALL AMESBURY MA
948,AMESBURY CITY OF,TOWN HALL AMESBURY MA
949,AMESBURY CITY OF,TOWN HALL AMESBURY MA
950,AMESBURY CITY OF,TOWN HALL AMESBURY MA
951,AMESBURY CITY OF,TOWN HALL AMESBURY MA
952,AMESBURY CITY OF,TOWN HALL AMESBURY MA
953,AMESBURY CITY OF,TOWN HALL AMESBURY MA
954,AMESBURY CITY OF,TOWN HALL AMESBURY MA
955,AMESBURY CITY OF,TOWN HALL AMESBURY MA
956,AMESBURY CITY OF,TOWN HALL AMESBURY MA
957,AMESBURY CITY OF,TOWN HALL AMESBURY MA
958,AMESBURY CITY OF,TOWN HALL AMESBURY MA
959,AMESBURY CITY OF,TOWN HALL AMESBURY MA
960,AMESBURY CITY OF,TOWN HALL AMESBURY MA
961,AMESBURY CITY OF,TOWN HALL AMESBURY MA
962,AMESBURY CITY OF,TOWN HALL AMESBURY MA
963,AMESBURY CITY OF,TOWN HALL AMESBURY MA
964,AMESBURY CITY OF,TOWN HALL AMESBURY MA
965,AMESBURY CITY OF,TOWN HALL AMESBURY MA
966,AMESBURY CITY OF,TOWN HALL AMESBURY MA
967,AMESBURY CITY OF,TOWN HALL AMESBURY MA
968,AMESBURY CITY OF,TOWN HALL AMESBURY MA
969,AMESBURY CITY OF,TOWN HALL AMESBURY MA
970,AMESBURY CITY OF,TOWN HALL AMESBURY MA
971,AMESBURY CITY OF,TOWN HALL AMESBURY MA
972,AMESBURY CITY OF,TOWN HALL AMESBURY MA
973,AMESBURY CITY OF,TOWN HALL AMESBURY MA
974,AMESBURY CITY OF,TOWN HALL AMESBURY MA
975,AMESBURY CITY OF,TOWN HALL AMESBURY MA
976,AMESBURY CITY OF,TOWN HALL AMESBURY MA
977,AMESBURY CITY OF,TOWN HALL AMESBURY MA
978,AMESBURY CITY OF,TOWN HALL AMESBURY MA
979,AMESBURY CITY OF,TOWN HALL AMESBURY MA
980,AMESBURY CITY OF,TOWN HALL AMESBURY MA
981,AMESBURY CITY OF,TOWN HALL AMESBURY MA
982,AMESBURY CITY OF,TOWN HALL AMESBURY MA
983,AMESBURY CITY OF,TOWN HALL AMESBURY MA
984,AMESBURY CITY OF,TOWN HALL AMESBURY MA
985,AMESBURY CITY OF,TOWN HALL AMESBURY MA
986,AMESBURY CITY OF,TOWN HALL AMESBURY MA
987,AMESBURY CITY OF,TOWN HALL AMESBURY MA
988,AMESBURY CITY OF,TOWN HALL AMESBURY MA
989,AMESBURY CITY OF,TOWN HALL AMESBURY MA
990,AMESBURY CITY OF,TOWN HALL AMESBURY MA
991,ROCKLAND TOWN OF,TOWN OF ABINGTON ABINGTON MA
992,ROCKLAND TOWN OF,TOWN OF ABINGTON ABINGTON MA
993,ABINGTON TOWN OF,TOWN OF ROCKLAND ABINGTON MA
994,ABINGTON TOWN OF,TOWN OF ROCKLAND ABINGTON MA
995,PLYMOUTH COUNTY OF INHABITANTS,WALNUT ST ABINGTON MA
996,ABINGTON TOWN OF,WASHINGTON ST ABINGTON MA
997,ABINGTON TOWN OF,WATER DEPT ABINGTON MA
998,ABINGTON TOWN OF,WATER DEPT ABINGTON MA
999,ABINGTON TOWN OF,WATER DEPT ABINGTON MA
